1,CDBUSSWOPIT-RAP35-18,10.224.114.86
2,CDBUSSWOPIT-TK4000-15,10.224.114.83
3,CDBUSSWOPIT-SALA-RODF-32,10.224.114.103
4,CDBUSSWOPIT-TORRESW-14,10.224.114.82
5,CDBUSSWOPIT-RAP03-5,10.224.114.72
6,CDBUSSWOPIT-ML23-19,10.224.114.87
7,CDBUSSWOPIT-ANDENNORTE-4,10.224.114.71
8,CDBUSSWOPIT-DEWATERING-22,10.224.114.91
9,CDBUSSWOPIT-PIQUEMINA-23,10.224.114.92
10,CDBUSSWOPIT-RAP13-6,10.224.114.73
11,CDBUSSWOPIT-RAP42-8,10.224.114.76
12,CDBUSSWOPIT-RAP10-16,10.224.114.84
13,CDBUSSWOPIT-PREPARACIONES-24,10.224.114.95
14,CDBUSSWOPIT-CASINO-PR2-22,10.224.114.93
15,CDBUSSWOPIT-POSTE-PR2-23,10.224.114.94
16,CDBUSSWOPIT-PREPARACIONES-24-2,10.224.114.101
17,CDBUSSWOPIT-RAP33-9,10.224.114.77
18,CDBUSSWOPIT-RAP11-10,10.224.114.78
19,CDBUSSWOPIT-TORRE_BRONCE-31,10.224.114.102
20,CDBUSSWOPIT-VASCONIA,10.224.114.105
21,CDBUSSWOPIT-RAP05-11,10.224.114.79
22,CDBUSSWOPIT-RAP18-12,10.224.114.80
23,CDBUSSWOPIT-RAMPA-SUR-20,10.224.114.89
24,CDBUSSWOPIT-RAP01,10.224.114.81
25,CDBUSSWOPIT-RAP19-17,10.224.114.85
26,CDBUSSWOPIT-ANDENSUR-3,10.224.114.70
27,Ed_Admin1_Mesh_SW,10.224.125.220
28,Ed_Concen_Mesh_SW,10.224.125.219
